Hash,Message,Filename,Source Code (before),Source Code (current),Diff,LLM Inference (fix type),Rectified Message
"a1b2c3d4","fix null pointer in user lookup","auth/user.py","def get_user_details(user_id):
  user = db.query(user_id)
  return user.name","def get_user_details(user_id):
  user = db.query(user_id)
  if user:
    return user.name
  return None","-  return user.name
+  if user:
+    return user.name
+  return None","Logic Error","Fix: Prevent AttributeError by handling None for non-existent users in get_user_details."
"f4e5d6c7","perf: use set for faster lookups","data_processing/cleaner.py","def remove_duplicates(items):
  unique_items = []
  for item in items:
    if item not in unique_items:
      unique_items.append(item)
  return unique_items","def remove_duplicates(items):
  return list(set(items))","-  unique_items = []
-  for item in items:
-    if item not in unique_items:
-      unique_items.append(item)
-  return unique_items
+  return list(set(items))","Performance","Refactor: Improve performance of duplicate removal by leveraging the O(1) average time complexity of set insertion."
"b7c8d9e0","typo fix in error msg","api/v1/errors.js","res.status(400).send({ error: 'Inavlid input provided.' });","res.status(400).send({ error: 'Invalid input provided.' });","-res.status(400).send({ error: 'Inavlid input provided.' });
+res.status(400).send({ error: 'Invalid input provided.' });","Typo","Fix: Corrected a typo in the invalid input error message."
"c9d0e1f2","fix: off-by-one error in pagination","utils/pagination.py","def get_page_items(items, page, page_size):
  start = (page - 1) * page_size
  end = start + page_size - 1
  return items[start:end]","def get_page_items(items, page, page_size):
  start = (page - 1) * page_size
  end = start + page_size
  return items[start:end]","-  end = start + page_size - 1
+  end = start + page_size","Logic Error","Fix: Corrected an off-by-one error in list slicing logic for pagination."
"d1e2f3a4","sec: use parameterized query to prevent sql injection","db/queries.py","def get_user(username):
  query = f"SELECT * FROM users WHERE username = '{username}'"
  return db.execute(query)","def get_user(username):
  query = "SELECT * FROM users WHERE username = ?"
  return db.execute(query, (username,))","-  query = f"SELECT * FROM users WHERE username = '{username}'"
+  query = "SELECT * FROM users WHERE username = ?"
-  return db.execute(query)
+  return db.execute(query, (username,))","Security","Fix: Mitigated SQL injection vulnerability by using parameterized queries instead of string formatting."
"e3f4a5b6","refactor: simplify conditional","services/payment.js","function isEligible(user) {
  if (user.is_active === true) {
    return true;
  } else {
    return false;
  }
}","function isEligible(user) {
  return user.is_active;
}","-  if (user.is_active === true) {
-    return true;
-  } else {
-    return false;
-  }
+  return user.is_active;","Refactoring","Refactor: Simplified boolean conditional return statement for clarity and conciseness."
"f5a6b7c8","docs: add comment explaining regex","utils/validation.py","EMAIL_REGEX = r'^[a-z0-9]+[\._]?[a-z0-9]+[@]\w+[.]\w{2,3}$'","EMAIL_REGEX = r'^[a-z0-9]+[\._]?[a-z0-9]+[@]\w+[.]\w{2,3}$' # Simple email regex","+ # Simple email regex","Documentation","Docs: Added a comment to clarify the purpose of the email validation regex."
"a7b8c9d0","fix: incorrect key access in dict","processing/parser.py","def get_name(data):
  return data['username']","def get_name(data):
  return data.get('name')","-  return data['username']
+  return data.get('name')","Logic Error","Fix: Changed dictionary access from 'username' to 'name' and used .get() to avoid KeyError."
"b9c0d1e2","chore: update flask version","requirements.txt","Flask==2.0.1","Flask==2.1.0","-Flask==2.0.1
+Flask==2.1.0","Dependency Update","Chore: Updated Flask dependency from version 2.0.1 to 2.1.0."
"c1d2e3f4","fix: async function needs await","api/v1/handlers.py","async def process_data():
  result = some_async_db_call()
  return result","async def process_data():
  result = await some_async_db_call()
  return result","-  result = some_async_db_call()
+  result = await some_async_db_call()","Logic Error","Fix: Added missing 'await' keyword for an asynchronous database call."
"d3e4f5a6","refactor: use list comprehension","data/transformer.py","def square_numbers(numbers):
  squared = []
  for n in numbers:
    squared.append(n*n)
  return squared","def square_numbers(numbers):
  return [n*n for n in numbers]","-  squared = []
-  for n in numbers:
-    squared.append(n*n)
-  return squared
+  return [n*n for n in numbers]","Refactoring","Refactor: Replaced for-loop with a more concise and pythonic list comprehension."
"e5f6a7b8","fix: handle divide by zero","analytics/metrics.py","def calculate_ratio(a, b):
  return a / b","def calculate_ratio(a, b):
  return a / b if b != 0 else 0","-  return a / b
+  return a / b if b != 0 else 0","Logic Error","Fix: Added a check to prevent ZeroDivisionError when calculating ratio."
"f7a8b9c0","style: remove trailing whitespace","config.py","SECRET_KEY = 'my-secret' ","SECRET_KEY = 'my-secret'","-SECRET_KEY = 'my-secret' 
+SECRET_KEY = 'my-secret'","Style","Style: Removed trailing whitespace for code linting compliance."
"a9b0c1d2","test: add test for edge case","tests/test_utils.py","def test_normal_case():
  assert my_func(10) == 20","def test_normal_case():
  assert my_func(10) == 20

def test_zero_case():
  assert my_func(0) == 0","+ 
+ def test_zero_case():
+   assert my_func(0) == 0","Test","Test: Added a new unit test to cover the edge case where the input is zero."
"b1c2d3e4","fix: incorrect comparison operator","auth/permissions.js","if (user.role == 'admin') {
  // grant access
}","if (user.role === 'admin') {
  // grant access
}","-if (user.role == 'admin')
+if (user.role === 'admin')","Logic Error","Fix: Changed loose equality (==) to strict equality (===) to prevent type coercion bugs."
"c3d4e5f6","perf: lazy load module","app.py","import heavy_module

def my_view():
  # ...","def my_view():
  import heavy_module
  # ...","-import heavy_module","+  import heavy_module","Performance","Perf: Improved application startup time by moving a heavy module import inside the function that uses it."
"d5e6f7a8","fix: json serialization for datetime","api/v1/serializers.py","def serialize_post(post):
  return {'title': post.title, 'created_at': post.created_at}","import json
from datetime import datetime

def json_converter(o):
    if isinstance(o, datetime):
        return o.isoformat()

def serialize_post(post):
  return json.dumps({'title': post.title, 'created_at': post.created_at}, default=json_converter)","+import json
+from datetime import datetime
+
+def json_converter(o):
+    if isinstance(o, datetime):
+        return o.isoformat()

-  return {'title': post.title, 'created_at': post.created_at}
+  return json.dumps({'title': post.title, 'created_at': post.created_at}, default=json_converter)","Serialization Error","Fix: Added a JSON serializer to handle datetime objects, preventing TypeError."
"e7f8a9b0","fix: ensure directory exists before writing file","utils/file_handler.py","def write_log(path, content):
  with open(path, 'w') as f:
    f.write(content)","import os

def write_log(path, content):
  os.makedirs(os.path.dirname(path), exist_ok=True)
  with open(path, 'w') as f:
    f.write(content)","+import os
+
-def write_log(path, content):
+def write_log(path, content):
+  os.makedirs(os.path.dirname(path), exist_ok=True)","File I/O Error","Fix: Ensured parent directory exists before writing a file to prevent FileNotFoundError."
"f9a0b1c2","refactor(api): rename endpoint for clarity","api/v2/routes.py","@app.route('/getstuff')
def get_stuff():
  ...","@app.route('/get_user_posts')
def get_user_posts():
  ...","-@app.route('/getstuff')
-def get_stuff():
+@app.route('/get_user_posts')
+def get_user_posts():","Refactoring","Refactor: Renamed API endpoint from '/getstuff' to '/get_user_posts' for better readability."
"a1b3c5d7","fix: incorrect return type hint","core/types.py","def get_id(user) -> str:
  return user.id # user.id is an int","def get_id(user) -> int:
  return user.id","-def get_id(user) -> str:
+def get_id(user) -> int:","Typing Error","Fix: Corrected the return type hint from str to int to match the actual return type."
"b2c4d6e8","fix: forgot to close file handle","scripts/importer.py","def process_file(filename):
  f = open(filename, 'r')
  return f.read()","def process_file(filename):
  with open(filename, 'r') as f:
    return f.read()","-  f = open(filename, 'r')
-  return f.read()
+  with open(filename, 'r') as f:
+    return f.read()","Resource Leak","Fix: Used a 'with' statement to ensure the file handle is properly closed, preventing a resource leak."
"c4d6e8f0","fix: mutable default argument","utils/helpers.py","def add_to_list(item, my_list=[]):
  my_list.append(item)
  return my_list","def add_to_list(item, my_list=None):
  if my_list is None:
    my_list = []
  my_list.append(item)
  return my_list","-def add_to_list(item, my_list=[]):
+def add_to_list(item, my_list=None):
+  if my_list is None:
+    my_list = []","Logic Error","Fix: Corrected the dangerous mutable default argument bug by initializing the list to None."
"d6e8f0a2","feat: add logging to user creation","services/user_service.py","def create_user(data):
  # create user
  return new_user","import logging

def create_user(data):
  logging.info(f"Creating user {data['username']}")
  # create user
  return new_user","+import logging
+
-def create_user(data):
+def create_user(data):
+  logging.info(f"Creating user {data['username']}")","Feature","Feat: Added an informational log statement upon user creation for better traceability."
"e8f0a2b4","fix: race condition in counter","services/counter.js","let count = 0;
function increment() {
  count++;
}","const lock = new Lock();
let count = 0;
async function increment() {
  await lock.acquire();
  count++;
  lock.release();
}","+const lock = new Lock();
-let count = 0;
-function increment() {
+let count = 0;
+async function increment() {
+  await lock.acquire();
   count++;
+  lock.release();
 }","Concurrency","Fix: Implemented a lock to prevent a race condition when incrementing a shared counter."
"f0a2b4c6","fix: unhandled promise rejection","client/app.js","fetch('/api/data').then(res => res.json());","fetch('/api/data')
  .then(res => res.json())
  .catch(err => console.error('Failed to fetch data', err));","-fetch('/api/data').then(res => res.json());
+fetch('/api/data')
+  .then(res => res.json())
+  .catch(err => console.error('Failed to fetch data', err));","Error Handling","Fix: Added a .catch() block to handle potential promise rejections from the fetch API call."
"a2b4c6d8","refactor: extract method","processing/main.py","def process_report():
  # 20 lines of code to format data
  data = formatted_data
  # 15 lines of code to send email
  send_email(data)","def _format_data(raw_data):
  # 20 lines of code to format data
  return formatted_data

def process_report():
  data = _format_data(raw_data)
  # 15 lines of code to send email
  send_email(data)","+(... Refactored code ...)","Refactoring","Refactor: Extracted data formatting logic into a separate private method _format_data for improved modularity."
"b4c6d8e0","fix: regex catastrophic backtracking","utils/validator.js","const regex = /(x+x+)+y/;
","const regex = /x{2,}y/;
","-const regex = /(x+x+)+y/;
+const regex = /x{2,}y/;
","Performance","Fix: Corrected a regular expression that was vulnerable to catastrophic backtracking, causing potential DoS."
"c6d8e0f2","fix: wrong variable used in loop","data/aggregator.py","total_sales = 0
for product in products:
  total_sales += product.price
return total_sales","total_sales = 0
for transaction in transactions:
  total_sales += transaction.amount
return total_sales","-for product in products:
-  total_sales += product.price
+for transaction in transactions:
+  total_sales += transaction.amount","Logic Error","Fix: Corrected loop to iterate over 'transactions' instead of 'products' to calculate total sales amount."
"d8e0f2a4","style: adhere to black formatter","models/user.py","def get_full_name(self):
    return f'{self.first_name} {self.last_name}'","def get_full_name(self):
    return f"{self.first_name} {self.last_name}"","-    return f'{self.first_name} {self.last_name}'
+    return f"{self.first_name} {self.last_name}"","Style","Style: Ran Black code formatter, changing single quotes to double quotes."
"e0f2a4b6","fix: incorrect environment variable name","config/settings.py","DB_URL = os.environ.get('DATABASE_URL')","DB_URL = os.environ.get('POSTGRES_DB_URL')","-DB_URL = os.environ.get('DATABASE_URL')
+DB_URL = os.environ.get('POSTGRES_DB_URL')","Configuration","Fix: Corrected the environment variable name used for the database connection string."
